personId,friendId,year
0,1489,2005
1,1323,2011
2,1853,2012
3,1327,2001
4,264,2006
5,1580,2002
6,1362,2010
7,1241,2011
8,1967,1999
9,68,2006
10,825,2014
11,1922,2009
12,1769,2000
13,23,1999
14,1472,2001
15,755,2000
16,40,2013
17,125,2005
18,396,2011
19,1672,2003
20,323,2004
21,1607,2004
22,880,2000
24,161,2014
25,1441,2004
26,1046,2009
27,1284,2007
28,516,2012
29,889,2010
30,1565,2008
31,1341,1999
32,1381,2014
33,504,2010
34,1147,2003
35,1652,2014
36,632,2008
37,1767,2012
38,489,2007
39,831,2007
41,409,2003
42,734,2002
43,697,2005
44,1543,2005
45,944,2001
46,1668,2008
47,1423,2003
48,1156,2002
49,540,1999
50,238,1999
51,1140,2013
52,1128,2012
53,165,2005
54,1238,2012
55,981,2013
56,1894,2008
57,1660,2008
58,1090,2001
59,464,2008
60,1010,2001
61,861,2011
62,321,2000
63,1408,2004
64,293,2011
65,965,2002
66,796,2008
67,929,2004
69,1206,2005
70,427,2011
71,931,1999
72,1370,2008
73,153,2005
74,98,2011
75,1449,2001
76,789,2010
77,1812,2001
78,1831,2004
79,1203,2006
80,315,2007
81,1539,1999
82,380,1999
83,442,2012
84,613,1999
85,1108,1999
86,93,2006
87,1152,2006
88,1217,2008
89,1198,2002
90,901,2006
91,934,2009
92,1458,2009
94,1692,2009
95,1584,1999
96,1233,2010
97,744,2004
99,235,2003
100,1109,2004
101,786,2009
102,326,2005
103,1466,2002
104,989,2009
105,586,2013
106,1923,2007
107,226,2008
108,783,2007
109,867,2001
110,258,1999
111,236,2001
112,1808,2012
113,445,2007
114,242,2008
115,1703,2013
116,1167,2000
117,1765,2010
118,807,2001
119,213,2001
120,1313,2008
121,1882,2002
122,1666,2009
123,1051,2004
124,1612,2012
126,149,2007
127,1504,2004
128,1669,2012
129,862,2007
130,630,2010
131,319,2004
132,410,2000
133,377,2014
134,1537,2000
135,610,2002
136,1099,2012
137,1117,2006
138,1184,2001
139,851,2013
140,350,2012
141,1073,2010
142,1675,2008
143,1634,2005
144,1656,2006
145,1328,2008
146,704,2014
147,502,2000
148,785,2007
150,1876,2002
151,211,2001
152,1513,1999
154,985,2008
155,386,2012
156,1895,2009
157,1240,2004
158,313,2000
159,531,2009
160,1659,2009
162,682,2003
163,1562,2009
164,618,2011
166,1323,2001
167,702,2004
168,482,2006
169,325,2011
170,1265,2007
171,1657,2007
172,306,2000
173,1406,2009
174,1915,2014
175,446,2012
176,1538,2007
177,1576,2011
178,310,2011
179,1015,2001
180,343,2009
181,1743,2004
182,1261,2004
183,801,2013
184,1485,2009
185,1791,2011
186,1797,2009
187,327,2003
188,600,2003
189,342,1999
190,1234,2009
191,1400,2014
192,1585,2010
193,950,2010
194,718,2011
195,779,2002
196,1610,1999
197,1205,2007
198,685,2014
199,879,2011
200,676,2005
201,1458,2007
202,1934,2006
203,1822,2013
204,228,1999
205,1921,2013
206,735,2003
207,1478,2010
208,898,2002
209,550,2004
210,1437,2005
212,506,2004
214,787,2009
215,1157,2014
216,1833,2005
217,1816,2001
218,532,2014
219,1136,2002
220,1492,2000
221,362,2003
222,1984,2013
223,1498,2010
224,1325,2000
225,1445,2009
227,407,1999
229,1392,2009
230,1530,2004
231,1162,2014
232,1760,2006
233,644,2005
234,1537,2006
237,1673,2001
239,1707,2009
240,652,2014
241,1259,2009
243,1226,2005
244,551,2007
245,1487,2001
246,1058,2009
247,1673,2006
248,1492,2008
249,693,2003
250,1616,2005
251,1191,2006
252,816,1999
253,569,2010
254,491,2004
255,603,2005
256,1119,2004
257,1116,2008
259,1084,2003
260,1000,2013
261,1924,2007
262,1521,2006
263,1434,2012
265,1702,2010
266,302,2001
267,1242,2013
268,1810,2002
269,1994,2012
270,1736,2004
271,403,2006
272,778,1999
273,720,2005
274,1012,2007
275,936,1999
276,1125,2005
277,1442,2012
278,1640,2011
279,762,2013
280,1373,2012
281,1225,2006
282,1467,2011
283,1130,2004
284,1218,2009
285,425,2003
286,317,2008
287,1403,2000
288,1569,1999
289,1490,2004
290,1808,2003
291,1801,1999
292,1260,2006
294,440,2008
295,1844,2000
296,1600,1999
297,1405,2009
298,1447,2011
299,1536,2003
300,1077,2003
301,561,2013
303,1890,1999
304,1903,2011
305,1986,2004
307,669,2005
308,599,2005
309,1078,2003
311,1965,2013
312,845,2001
314,1888,2013
316,1122,2012
318,1880,2006
320,1092,2004
322,487,2007
324,1610,2011
328,747,2011
329,681,2010
330,1352,2010
331,1456,2004
332,1937,2006
333,1915,2008
334,1238,2008
335,1478,2006
336,1741,2002
337,1439,2003
338,568,2003
339,1180,1999
340,1935,2007
341,858,2007
344,1702,2000
345,1054,2011
346,654,2003
347,1757,2005
348,1567,2003
349,977,2007
351,995,1999
352,1088,2003
353,1793,2004
354,1884,2004
355,961,2011
356,1700,2008
357,1702,2011
358,604,2011
359,1325,2010
360,459,2008
361,809,2014
363,902,2014
364,1454,2010
365,1201,2006
366,741,2010
367,1178,2005
368,1645,2010
369,1438,1999
370,1555,2000
371,978,2007
372,1770,2008
373,1780,2005
374,437,2001
375,529,1999
376,1339,2014
378,1858,2009
379,590,2012
381,1115,2004
382,626,2006
383,1560,2003
384,922,2001
385,1842,2009
387,1397,2010
388,1627,2012
389,453,2003
390,1138,2011
391,745,2003
392,1709,2009
393,1199,2007
394,1129,2000
395,963,2006
397,1294,2013
398,1196,2000
399,1189,2011
400,1833,2008
401,774,2011
402,1787,2000
404,1537,2011
405,894,2001
406,579,1999
408,414,2012
411,628,2010
412,1524,1999
413,1589,2006
415,1576,2003
416,917,2003
417,976,2013
418,1690,1999
419,1377,2003
420,606,2014
421,566,2001
422,656,2003
423,1567,2003
424,1456,2005
426,980,2005
428,1758,2010
429,1022,2001
430,503,2010
431,1475,2004
432,1600,2009
433,1888,1999
434,1169,2006
435,1181,1999
436,719,1999
438,466,2003
439,957,2005
441,715,2000
443,705,2011
444,564,2012
447,672,2009
448,602,2009
449,1997,2012
450,1225,2013
451,548,2005
452,1662,2000
454,463,2002
455,1252,2004
456,555,2003
457,1277,2011
458,717,2009
460,1582,2009
461,938,2008
462,1892,2002
465,1596,2002
467,1525,2001
468,1832,1999
469,1949,2003
470,1504,2005
471,1383,2012
472,870,2000
473,828,2000
474,587,2004
475,1801,1999
476,1457,2003
477,1153,2006
478,519,2001
479,1790,2014
480,515,2007
481,1207,2007
483,946,2012
484,1612,1999
485,1388,2003
486,1918,2001
488,645,2009
490,1233,1999
492,1820,2000
493,1864,2009
494,1522,2012
495,1209,2003
496,1997,2006
497,1251,1999
498,1888,1999
499,1928,2001
500,885,2011
501,815,2005
505,1082,2007
507,1246,2012
508,542,2008
509,810,2006
510,910,2005
511,1336,2011
512,1246,2010
513,1486,2010
514,1766,2013
517,1434,2002
518,1213,1999
520,971,1999
521,888,2001
522,1507,2001
523,1133,2011
524,712,1999
525,1481,2011
526,1376,2003
527,1995,2013
528,1020,2001
530,806,2004
533,1286,2005
534,1366,2009
535,1100,2009
536,592,2012
537,1447,2012
538,1272,2005
539,1509,2001
541,1220,2004
543,1664,2004
544,1737,2010
545,984,2014
546,1033,2004
547,1867,1999
549,1699,2007
552,725,2001
553,1547,2009
554,903,2011
556,1502,2001
557,1939,2001
558,1719,2012
559,1107,2006
560,1314,2005
562,1472,2013
563,1551,2007
565,1771,2007
567,1991,2002
570,635,2007
571,668,2002
572,1264,2003
573,1936,2001
574,1426,2001
575,1141,2003
576,1737,2001
577,1607,1999
578,1925,2012
580,947,2011
581,850,2003
582,621,2011
583,1712,1999
584,1414,2008
585,1222,2001
588,1948,2005
589,1884,2007
591,1784,2013
593,1182,2012
594,1639,1999
595,1111,2004
596,1570,2006
597,1016,2013
598,1867,2001
601,1689,2007
605,814,2003
607,1646,2009
608,1220,2011
609,1086,2010
611,1027,2010
612,1163,2008
614,1633,2007
615,865,2001
616,1693,2007
617,1495,2014
619,864,2012
620,1638,2010
622,1279,1999
623,1571,2012
624,1796,2011
625,1614,1999
627,1050,2012
629,1593,2000
631,1393,2001
633,1786,2012
634,1883,2009
636,1914,2000
637,1733,2008
638,849,2007
639,1211,2007
640,1758,2003
641,1004,2000
642,1636,2006
643,699,2001
646,1701,2011
647,1908,2009
648,854,2004
649,1794,2012
650,1984,2013
651,1083,2002
653,1916,2010
655,1172,1999
657,1358,2014
658,834,2009
659,960,2006
660,1570,2010
661,1865,2003
662,821,2007
663,1326,2011
664,1576,2008
665,1912,2006
666,1711,2011
667,1540,2009
670,1070,2011
671,847,2007
673,1884,2013
674,951,2013
675,1666,2008
677,1531,2012
678,835,2011
679,724,2014
680,1811,2012
683,1874,2008
684,1672,2012
686,692,2010
687,1542,2012
688,1288,2003
689,840,2014
690,994,2009
691,1112,2010
694,1941,2003
695,1093,2010
696,1735,2000
698,919,2005
700,1276,2009
701,1059,2000
703,1081,2009
706,1589,2009
707,877,2013
708,1315,2011
709,1057,2012
710,932,2011
711,1226,2000
713,1608,2008
714,1333,2014
716,1023,2000
721,1271,2013
722,1804,2000
723,1930,2005
726,1067,2004
727,1381,2006
728,1159,2014
729,1384,2013
730,1876,2000
731,1351,2008
732,893,2000
733,1574,2008
736,1970,2007
737,979,2008
738,1491,2007
739,1808,2012
740,808,2004
742,1968,2011
743,1489,2007
746,1366,2008
748,927,2009
749,1450,2003
750,1617,2007
751,1192,2000
752,1616,2004
753,813,2013
754,1729,2013
756,1379,2013
757,857,1999
758,1958,2010
759,1237,2004
760,1270,1999
761,1402,2007
763,1384,1999
764,1080,1999
765,1507,2011
766,1236,2009
767,1774,2012
768,1251,2006
769,1373,2002
770,1193,2007
771,805,2005
772,1742,2009
773,1836,2013
775,1444,2003
776,1524,2003
777,1768,2009
780,1039,2011
781,1188,2009
782,791,2001
784,1727,2009
788,1659,2007
790,1843,1999
792,1585,2010
793,1882,1999
794,1311,2005
795,1171,2005
797,1784,2004
798,1904,2014
799,1991,2011
800,1531,2006
802,1855,2004
803,1793,1999
804,1861,2006
811,1731,2007
812,1342,2003
817,1168,2002
818,1072,2001
819,1574,2014
820,1076,2011
822,1933,2001
823,1695,2013
824,1087,2005
826,913,1999
827,1017,2013
829,1749,2013
830,1327,2007
832,1278,2011
833,1678,1999
836,1486,2014
837,1867,2011
838,1819,2001
839,897,2002
841,1408,2007
842,1476,2013
843,1676,2001
844,923,2012
846,1435,2010
848,1536,2008
852,1375,2007
853,1917,2004
855,1737,2000
856,1195,2001
859,1319,2001
860,1809,2014
863,1860,1999
866,939,2006
868,1352,2006
869,1640,2014
871,1375,2006
872,1719,2009
873,1522,2004
874,1897,2013
875,1427,2000
876,911,2000
878,1113,2012
881,1234,2001
882,1593,2005
883,1685,2002
884,1846,2004
886,1743,2002
887,1009,2010
890,1245,2003
891,1053,2013
892,1290,2011
895,1954,2010
896,1654,2008
899,1604,2002
900,1500,2005
904,1445,2011
905,1380,2012
906,1351,2012
907,1266,2012
908,1293,2005
909,1832,2002
912,1237,2001
914,1602,2001
915,1908,2012
916,1470,2003
918,1382,2011
920,1686,2013
921,1337,2007
924,1468,2009
925,1922,2012
926,1973,2004
928,1863,2006
930,1608,2008
933,1281,2007
935,1714,2014
937,1683,2005
940,1746,2014
941,1794,2012
942,1768,2008
943,1855,2014
945,1462,2006
948,1320,2011
949,1916,2005
952,1487,2000
953,1838,2009
954,1274,2001
955,1068,2006
956,1758,2007
958,1850,2005
959,1716,1999
962,1427,2012
964,1852,2003
966,1731,2012
967,1662,2008
968,1272,2007
969,993,1999
970,1815,2007
972,1615,2001
973,1683,2001
974,1895,2013
975,1704,2012
982,1630,2001
983,1640,2008
986,1590,2008
987,1850,2012
988,1137,2008
990,1372,2002
991,1710,1999
992,1625,2000
996,1630,1999
997,1606,2009
998,1173,2007
999,1764,2003
1001,1294,2009
1002,1269,2007
1003,1944,2005
1005,1668,2008
1006,1839,2003
1007,1743,2004
1008,1845,2007
1011,1828,2007
1013,1901,2003
1014,1471,2003
1018,1930,2008
1019,1683,2013
1021,1174,2004
1024,1134,1999
1025,1871,2008
1026,1591,1999
1028,1183,2005
1029,1508,2004
1030,1934,2013
1031,1473,2012
1032,1638,2007
1034,1667,2009
1035,1873,2013
1036,1291,2011
1037,1963,2007
1038,1299,2000
1040,1815,2006
1041,1806,1999
1042,1322,2000
1043,1552,2004
1044,1239,2001
1045,1306,2004
1047,1480,1999
1048,1647,2006
1049,1453,2006
1052,1278,2000
1055,1883,2006
1056,1787,2011
1060,1374,2008
1061,1411,2000
1062,1605,1999
1063,1271,2004
1064,1319,2014
1065,1367,1999
1066,1224,2009
1069,1230,2014
1071,1701,2002
1074,1353,2011
1075,1751,2008
1079,1530,2003
1085,1269,2001
1089,1956,2000
1091,1918,2005
1094,1971,2008
1095,1683,2006
1096,1979,2013
1097,1882,2005
1098,1633,1999
1101,1520,2011
1102,1402,1999
1103,1767,2004
1104,1844,2004
1105,1762,2010
1106,1187,2004
1110,1752,2004
1114,1215,2013
1118,1745,1999
1120,1617,2011
1121,1928,2010
1123,1534,2007
1124,1841,2003
1126,1675,2005
1127,1485,2013
1131,1582,2013
1132,1776,2014
1135,1704,2009
1139,1512,2001
1142,1600,2003
1143,1769,1999
1144,1817,2013
1145,1455,2014
1146,1881,2005
1148,1774,2000
1149,1551,1999
1150,1607,2009
1151,1342,2009
1154,1843,2014
1155,1266,1999
1158,1757,2014
1160,1936,2012
1161,1704,2005
1164,1385,2007
1165,1786,2002
1166,1386,2008
1170,1556,2006
1175,1830,2004
1176,1437,1999
1177,1885,2007
1179,1571,2013
1185,1308,2005
1186,1739,2005
1190,1794,2007
1194,1247,2013
1197,1431,2003
1200,1639,2012
1202,1876,2004
1204,1675,2013
1208,1915,1999
1210,1227,2008
1212,1451,2005
1214,1780,2004
1216,1743,2010
1217,1734,2007
1218,1672,2010
1219,1524,2006
1219,1592,2010
1221,1710,2008
1221,1787,2013
1222,1241,2014
1223,1494,2004
1223,1865,2005
1224,1264,2006
1227,1860,2002
1228,1745,2010
1228,1884,2014
1229,1265,2011
1229,1784,2004
1230,1412,2010
1231,1397,2003
1231,1642,2004
1232,1257,2005
1232,1767,2010
1235,1876,2002
1235,1944,2011
1236,1833,2014
1239,1255,2012
1240,1519,2011
1242,1704,2003
1243,1459,2013
1243,1610,2011
1244,1731,2014
1244,1963,2000
1245,1627,2010
1247,1790,2010
1248,1790,2013
1248,1997,2010
1249,1332,2013
1249,1960,2007
1250,1815,2010
1250,1820,2011
1252,1981,2003
1253,1343,2006
1253,1773,2001
1254,1567,2005
1254,1908,2009
1255,1322,2012
1256,1494,2007
1256,1565,2008
1257,1293,2013
1258,1297,2004
1258,1808,2010
1259,1380,2008
1260,1609,2010
1261,1869,2001
1262,1669,2006
1262,1994,2010
1263,1652,2002
1263,1775,2004
1267,1297,2005
1267,1618,2013
1268,1578,2012
1268,1660,2007
1270,1957,2005
1273,1568,2013
1273,1765,2002
1274,1430,2013
1275,1784,2006
1275,1814,2000
1276,1512,1999
1277,1724,2002
1279,1796,2007
1280,1847,2014
1280,1965,2006
1281,1341,2014
1282,1405,2013
1282,1984,2007
1283,1768,1999
1283,1908,2006
1284,1513,2011
1285,1627,2012
1285,1716,2010
1286,1320,2011
1287,1499,2002
1287,1624,2010
1288,1429,2007
1289,1675,2009
1289,1731,2014
1290,1949,2005
1291,1997,2000
1292,1836,2013
1292,1987,2000
1295,1551,2014
1295,1791,2014
1296,1339,2011
1296,1392,2004
1298,1499,2005
1298,1832,2006
1299,1953,2011
1300,1644,2002
1300,1655,2010
1301,1636,2012
1301,1746,2000
1302,1865,2006
1302,1998,2014
1303,1515,2010
1303,1994,2009
1304,1421,2003
1304,1949,2014
1305,1695,2011
1305,1808,2010
1306,1716,2001
1307,1420,2008
1307,1905,2007
1308,1438,2004
1309,1781,2000
1309,1920,2010
1310,1703,2014
1310,1938,2014
1311,1733,2008
1312,1773,2001
1312,1876,2002
1313,1706,2011
1314,1841,2006
1315,1918,2005
1316,1749,2013
1316,1857,2003
1317,1673,2007
1317,1719,2010
1318,1407,2010
1318,1554,2013
1321,1718,2001
1321,1845,2014
1324,1574,2003
1324,1774,2003
1326,1828,2010
1328,1394,2013
1329,1847,2012
1329,1952,2008
1330,1630,2010
1330,1821,2008
1331,1666,2012
1331,1730,2006
1332,1770,2003
1333,1677,2006
1334,1739,2009
1334,1944,2014
1335,1540,2003
1335,1584,2000
1336,1852,2000
1337,1561,2002
1338,1391,2003
1338,1949,2003
1340,1411,2009
1340,1502,2007
1343,1901,2008
1344,1393,2007
1344,1809,2011
1345,1395,2012
1345,1645,2012
1346,1652,1999
1346,1771,2010
1347,1871,2002
1347,1873,2010
1348,1510,2010
1348,1980,2002
1349,1583,2002
1349,1923,2004
1350,1431,2009
1350,1656,2003
1353,1519,2009
1354,1448,2001
1354,1772,2003
1355,1655,2000
1355,1823,2006
1356,1664,2007
1356,1950,2009
1357,1619,2012
1357,1733,2008
1358,1528,2011
1359,1505,2003
1359,1985,2002
1360,1820,2007
1360,1938,2002
1361,1527,2000
1361,1987,2007
1362,1751,2010
1363,1418,2008
1363,1700,2005
1364,1508,2014
1364,1623,2009
1365,1785,2014
1365,1894,2014
1367,1893,2004
1368,1511,2014
1368,1997,2007
1369,1770,2005
1369,1873,2010
1370,1745,2004
1371,1372,2000
1371,1406,2006
1374,1469,2011
1376,1786,2003
1377,1971,2002
1378,1522,2008
1378,1997,2010
1379,1732,2011
1382,1544,2009
1383,1724,2004
1385,1589,2003
1386,1708,2002
1387,1801,2009
1387,1942,2006
1388,1587,2013
1389,1957,2006
1389,1970,2002
1390,1808,2014
1390,1954,2004
1391,1893,2010
1394,1491,2003
1395,1980,2014
1396,1532,1999
1396,1917,1999
1398,1533,2012
1398,1697,2011
1399,1598,2003
1399,1776,2006
1400,1653,2012
1401,1602,2004
1401,1621,2012
1403,1993,2010
1404,1720,2007
1404,1767,2013
1407,1615,2006
1409,1511,2001
1409,1580,2014
1410,1716,2003
1410,1876,2000
1412,1800,2001
1413,1586,2003
1413,1970,2004
1414,1826,2010
1415,1962,2005
1415,1992,2002
1416,1441,2006
1416,1840,2009
1417,1670,1999
1417,1946,2013
1418,1896,2013
1419,1440,2010
1419,1966,2004
1420,1877,2005
1421,1957,2012
1422,1462,2005
1422,1505,2011
1423,1809,2003
1424,1947,1999
1424,1951,2003
1425,1435,2000
1425,1718,2001
1426,1763,2004
1428,1713,2005
1428,1988,2009
1429,1497,2000
1430,1667,2002
1432,1570,2002
1432,1664,2011
1433,1802,2004
1433,1910,2005
1436,1867,2004
1436,1939,2000
1439,1500,2001
1440,1677,2001
1442,1643,2009
1443,1597,2001
1443,1852,2010
1444,1927,2007
1446,1722,2009
1446,1812,2008
1448,1729,2014
1449,1548,1999
1450,1657,2005
1451,1714,2000
1452,1660,2006
1452,1879,2003
1453,1750,2001
1454,1538,2006
1455,1523,2001
1457,1720,2012
1459,1738,2002
1460,1514,2002
1460,1532,2002
1461,1705,2006
1461,1733,2006
1463,1588,2002
1463,1614,2010
1464,1541,2005
1464,1686,2001
1465,1697,2011
1465,1725,1999
1466,1711,2001
1467,1928,2008
1468,1569,2002
1469,1761,2010
1470,1718,2006
1471,1998,2000
1473,1718,2007
1474,1518,2006
1474,1755,2005
1475,1559,2009
1476,1518,2005
1477,1480,2001
1477,1728,2012
1479,1750,2006
1479,1819,2009
1481,1886,2003
1482,1554,2014
1482,1757,2013
1483,1501,2005
1483,1719,2004
1484,1707,2001
1484,1872,2001
1488,1621,2006
1488,1664,2010
1490,1758,2006
1493,1620,2005
1493,1989,2011
1495,1728,2008
1496,1501,2013
1496,1744,2012
1497,1926,1999
1498,1694,2013
1503,1723,2012
1503,1752,2004
1506,1566,2014
1506,1794,2011
1509,1577,2011
1510,1616,2014
1514,1804,2009
1515,1898,2002
1516,1527,2005
1516,1593,2003
1517,1833,2007
1517,1888,2006
1520,1918,2005
1521,1916,2014
1521,1974,2005
1523,1554,2010
1523,1599,2001
1525,1932,2001
1525,1997,2000
1526,1667,1999
1526,1756,2013
1526,1797,2007
1527,1902,2011
1528,1807,2001
1528,1853,2010
1529,1656,2000
1529,1709,2000
1529,1754,2005
1530,1729,2002
1531,1960,2010
1532,1729,2013
1533,1678,2010
1533,1791,1999
1534,1734,2013
1534,1775,2004
1535,1562,2011
1535,1885,2012
1535,1918,2008
1536,1720,2007
1538,1960,2006
1539,1781,2010
1539,1858,2009
1540,1858,2006
1541,1863,2007
1541,1904,2014
1542,1575,2004
1542,1950,2011
1543,1685,2005
1543,1831,2013
1544,1698,2004
1544,1974,2011
1545,1695,1999
1545,1963,2000
1545,1967,2008
1546,1563,2008
1546,1689,2010
1546,1866,2012
1547,1799,1999
1547,1890,2011
1548,1584,2009
1548,1846,2005
1549,1695,2011
1549,1738,2014
1549,1956,2004
1550,1568,2000
1550,1668,2007
1550,1753,2004
1552,1561,2002
1552,1976,2009
1553,1875,2005
1553,1884,2014
1553,1919,2010
1555,1637,2003
1555,1922,1999
1556,1641,2002
1556,1741,2011
1557,1612,2010
1557,1810,2001
1557,1906,1999
1558,1608,2001
1558,1857,2013
1558,1957,2006
1559,1684,2001
1559,1979,2011
1560,1836,2011
1560,1849,2007
1561,1613,2008
1562,1984,2011
1563,1625,2011
1563,1997,2006
1564,1565,2014
1564,1886,2008
1564,1965,2007
1566,1701,2006
1566,1864,2007
1568,1826,2013
1569,1643,2012
1571,1984,2007
1572,1763,2010
1572,1841,2008
1572,1998,2005
1573,1765,2009
1573,1861,2011
1573,1927,1999
1575,1662,2011
1575,1884,2002
1577,1769,2005
1577,1825,2001
1578,1620,1999
1578,1976,2004
1579,1686,2009
1579,1881,2011
1579,1949,2007
1580,1776,2002
1581,1662,2001
1581,1960,2008
1581,1976,2005
1582,1857,2002
1583,1603,2011
1583,1789,2007
1585,1980,2001
1586,1749,2000
1586,1799,2000
1587,1773,2008
1587,1891,2011
1588,1681,2007
1588,1972,2011
1590,1618,2002
1590,1973,2012
1591,1647,2007
1591,1966,2006
1592,1659,2012
1592,1759,2009
1594,1611,2012
1594,1733,2004
1594,1737,2008
1595,1826,2011
1595,1958,2008
1595,1982,2014
1596,1821,2006
1596,1989,2006
1597,1769,2003
1597,1918,2010
1598,1682,2003
1598,1965,2006
1599,1641,2014
1599,1738,2004
1601,1802,2012
1601,1814,2001
1601,1889,2003
1602,1897,2006
1603,1644,2005
1603,1786,2011
1604,1872,2012
1604,1961,2003
1605,1614,2006
1605,1979,2011
1606,1722,2008
1606,1925,2009
1609,1689,2012
1609,1798,2004
1611,1746,2010
1611,1862,2008
1613,1827,2003
1613,1888,2000
1615,1678,2007
1617,1750,2002
1618,1980,2002
1619,1756,2014
1619,1758,2003
1620,1705,2001
1621,1780,2011
1622,1636,2001
1622,1697,2014
1622,1994,2006
1623,1749,2004
1623,1899,2005
1624,1815,2003
1624,1921,2005
1625,1938,2014
1626,1643,2007
1626,1724,2009
1626,1926,1999
1628,1693,2008
1628,1705,2011
1628,1943,1999
1629,1646,2009
1629,1651,2010
1629,1941,2002
1631,1726,2014
1631,1746,2002
1631,1850,2012
1632,1813,2008
1632,1902,2005
1632,1950,2003
1633,1751,2012
1634,1744,2003
1634,1754,2002
1635,1748,2011
1635,1852,2012
1635,1971,2013
1637,1884,2010
1637,1939,2010
1638,1978,2009
1639,1968,1999
1641,1815,2000
1642,1690,2004
1642,1738,2007
1644,1933,2007
1645,1690,2001
1646,1857,2002
1647,1986,2003
1648,1757,2013
1648,1857,2012
1648,1873,2000
1649,1674,2014
1649,1724,2009
1649,1918,2011
1650,1809,2000
1650,1950,2006
1650,1957,2014
1651,1790,2005
1651,1928,2012
1653,1661,1999
1653,1770,2009
1654,1670,2006
1654,1803,2012
1655,1883,2002
1656,1684,2013
1657,1798,2004
1657,1965,2005
1658,1779,2000
1658,1890,2003
1658,1913,2002
1658,1926,2014
1659,1853,1999
1660,1723,2002
1661,1665,2004
1661,1666,2002
1661,1753,2004
1663,1809,2014
1663,1849,2009
1663,1911,2010
1663,1977,2000
1665,1790,2010
1665,1861,2014
1665,1893,2006
1667,1929,2014
1668,1784,2012
1669,1762,2000
1669,1818,2012
1670,1699,2004
1670,1975,2012
1671,1682,2003
1671,1843,2002
1671,1886,2011
1671,1928,1999
1672,1920,2003
1673,1777,2011
1674,1757,2003
1674,1846,2003
1674,1998,2004
1676,1751,2007
1676,1773,2011
1676,1840,2000
1677,1705,2003
1677,1896,2006
1678,1862,2014
1679,1799,1999
1679,1812,2010
1679,1872,2004
1679,1992,2013
1680,1936,2011
1680,1954,2008
1680,1977,2000
1680,1982,2009
1681,1924,2003
1681,1926,2007
1681,1985,2009
1682,1741,2014
1682,1822,2007
1684,1842,2012
1684,1844,2000
1685,1861,2012
1685,1914,2007
1686,1969,2011
1687,1770,2012
1687,1877,2010
1687,1885,2009
1687,1945,2001
1688,1780,2004
1688,1818,1999
1688,1900,2011
1688,1952,1999
1689,1711,2011
1690,1912,2006
1691,1743,2004
1691,1752,2005
1691,1776,2010
1691,1894,2009
1692,1830,2004
1692,1891,1999
1692,1934,2004
1693,1702,2001
1693,1703,2005
1694,1754,2002
1694,1829,2007
1694,1999,2010
1696,1745,2001
1696,1843,2006
1696,1877,2002
1696,1972,2009
1697,1873,2007
1698,1814,2008
1698,1888,2012
1698,1969,2007
1699,1836,2014
1699,1906,1999
1700,1805,2002
1700,1916,2000
1701,1859,2010
1703,1958,2010
1706,1748,2001
1706,1828,2005
1706,1909,2006
1707,1713,2001
1707,1749,2014
1708,1767,2006
1708,1773,2006
1708,1892,2004
1709,1740,2006
1709,1778,2001
1710,1746,2010
1710,1861,2007
1711,1834,2004
1712,1741,2008
1712,1933,2005
1712,1999,2014
1713,1946,2007
1713,1969,2001
1714,1741,2001
1714,1967,2014
1715,1791,2004
1715,1801,2011
1715,1894,2007
1715,1930,2014
1717,1732,2006
1717,1747,1999
1717,1814,2002
1717,1851,2012
1720,1751,2012
1721,1726,2005
1721,1816,1999
1721,1917,2007
1721,1954,2009
1722,1852,2007
1722,1899,2005
1723,1828,2004
1723,1830,2012
1725,1825,2012
1725,1895,2012
1725,1899,2008
1726,1728,1999
1726,1903,2003
1727,1772,2014
1727,1860,2009
1727,1960,2004
1728,1789,2003
1730,1850,2010
1730,1857,2006
1730,1890,2004
1732,1787,2014
1732,1800,2005
1732,1959,2002
1734,1788,2004
1734,1802,2007
1734,1948,2010
1735,1835,2013
1735,1846,2004
1735,1867,2005
1735,1874,2005
1736,1768,2009
1736,1816,2006
1736,1851,2011
1736,1888,2007
1737,1760,2011
1738,1997,2008
1739,1783,1999
1739,1912,2006
1739,1956,2010
1740,1865,2003
1740,1877,2004
1740,1885,2007
1740,1938,2002
1742,1837,2006
1742,1839,2012
1742,1860,2000
1742,1919,2000
1744,1867,2010
1744,1957,2003
1744,1997,2001
1745,1917,2005
1747,1837,2012
1747,1862,2011
1747,1951,2009
1747,1996,2014
1748,1781,2011
1748,1870,2002
1748,1913,2014
1750,1822,2006
1750,1907,2002
1752,1946,2008
1752,1965,2002
1753,1851,2000
1753,1933,2010
1753,1971,2006
1754,1865,2002
1754,1904,2005
1755,1769,2010
1755,1812,2013
1755,1850,2003
1755,1949,2001
1756,1814,2013
1756,1827,2008
1756,1843,2005
1759,1814,2000
1759,1878,2014
1759,1973,2003
1759,1987,2005
1760,1866,2013
1760,1903,1999
1760,1953,2007
1761,1862,2009
1761,1937,2008
1761,1943,2001
1761,1969,2012
1762,1851,2012
1762,1901,2010
1762,1976,2002
1763,1811,2004
1763,1843,2007
1763,1995,2013
1764,1824,2014
1764,1829,2004
1764,1844,2004
1764,1883,2010
1765,1795,2006
1765,1847,2008
1766,1844,2009
1766,1905,2003
1766,1931,2001
1766,1934,2009
1768,1924,2008
1771,1875,2013
1771,1958,2008
1771,1973,2014
1772,1878,2007
1772,1901,2004
1772,1995,2005
1774,1912,2009
1774,1985,2012
1775,1851,2007
1775,1889,2008
1775,1985,2006
1776,1914,2000
1777,1827,2009
1777,1847,2011
1777,1848,2003
1777,1898,2004
1778,1927,2005
1778,1949,2014
1778,1955,2010
1778,1984,2009
1779,1837,2009
1779,1845,2012
1779,1936,2002
1779,1974,2012
1780,1838,2007
1780,1917,2004
1781,1809,2006
1781,1869,2012
1781,1884,1999
1782,1785,2009
1782,1813,2009
1782,1831,2000
1782,1872,2003
1782,1896,2011
1782,1997,2003
1783,1845,2005
1783,1899,1999
1783,1917,2002
1783,1927,2013
1783,1941,2003
1784,1989,2003
1785,1845,1999
1785,1867,2000
1785,1877,2004
1785,1958,2003
1786,1794,2006
1786,1832,2014
1787,1907,2009
1787,1983,2002
1788,1876,2010
1788,1900,2010
1788,1915,2007
1788,1944,2010
1788,1958,2007
1789,1830,2011
1789,1923,2009
1789,1944,2005
1790,1982,2007
1791,1908,2012
1791,1997,2009
1792,1820,2013
1792,1864,2000
1792,1889,2002
1792,1926,2012
1792,1941,2009
1792,1975,2013
1793,1861,2005
1793,1865,2009
1793,1941,2007
1793,1976,2003
1794,1858,2001
1795,1797,2004
1795,1843,2014
1795,1883,2004
1795,1890,1999
1795,1916,2014
1796,1840,2003
1796,1968,2014
1796,1991,2004
1796,1997,2005
1797,1829,2001
1797,1885,2005
1797,1898,2002
1798,1816,2001
1798,1924,2002
1798,1985,2005
1798,1988,2012
1799,1817,2012
1799,1822,2005
1799,1931,2010
1800,1807,2010
1800,1829,2004
1800,1975,2007
1800,1988,2011
1801,1822,2008
1801,1853,2002
1802,1923,2011
1802,1944,2014
1802,1991,2011
1803,1830,2005
1803,1850,2002
1803,1879,2007
1803,1911,2003
1803,1960,2012
1804,1851,2003
1804,1953,2005
1804,1967,2001
1804,1972,2013
1805,1826,2001
1805,1841,2011
1805,1860,2004
1805,1936,2002
1805,1948,2007
1806,1833,2006
1806,1852,2007
1806,1874,2012
1806,1937,2011
1806,1964,2002
1807,1823,2013
1807,1902,2013
1807,1918,2010
1807,1933,2001
1810,1821,2010
1810,1836,2007
1810,1910,2001
1810,1960,2011
1811,1906,2010
1811,1911,2013
1811,1932,2000
1811,1975,2003
1812,1892,2004
1812,1895,2004
1813,1856,2005
1813,1878,2009
1813,1881,2009
1813,1884,2001
1813,1898,2011
1814,1974,2014
1815,1951,2014
1815,1960,2009
1816,1975,2009
1816,1995,2009
1816,1997,2011
1817,1830,2014
1817,1834,2006
1817,1865,2012
1817,1890,2000
1817,1934,2009
1818,1883,2011
1818,1887,1999
1818,1968,2013
1818,1975,2004
1818,1977,1999
1819,1820,2014
1819,1845,2012
1819,1873,2008
1819,1923,2006
1819,1978,2008
1820,1896,2005
1820,1955,2007
1821,1863,2003
1821,1940,2012
1821,1950,2013
1821,1981,2002
1822,1823,2006
1822,1897,2010
1823,1882,2003
1823,1883,2012
1823,1901,2013
1823,1963,2007
1824,1837,1999
1824,1845,2009
1824,1873,2010
1824,1946,2003
1824,1961,2003
1824,1971,2001
1825,1856,2013
1825,1860,2010
1825,1911,2000
1825,1949,2007
1825,1979,2000
1826,1827,2000
1826,1858,2003
1826,1898,2013
1827,1911,2000
1827,1957,2009
1827,1985,2004
1828,1879,2004
1828,1890,2010
1828,1913,2000
1829,1848,2014
1829,1867,2006
1829,1983,2002
1830,1972,1999
1831,1894,2004
1831,1937,2008
1831,1949,2004
1831,1952,2012
1832,1844,2003
1832,1891,2002
1832,1931,2012
1833,1885,2000
1833,1951,2003
1834,1849,2003
1834,1863,2000
1834,1906,2002
1834,1928,2007
1834,1931,2010
1835,1838,2005
1835,1854,2002
1835,1856,2004
1835,1865,2013
1835,1943,2013
1835,1990,2009
1836,1845,2007
1836,1906,2001
1837,1843,2007
1837,1870,2006
1837,1932,1999
1837,1995,2006
1838,1857,2011
1838,1871,2006
1838,1881,2005
1838,1938,2000
1838,1993,2008
1839,1883,2011
1839,1950,2009
1839,1978,2010
1839,1985,2002
1839,1995,2003
1839,1997,2002
1840,1876,2004
1840,1927,2006
1840,1950,2009
1840,1952,2009
1840,1984,2002
1841,1909,2007
1841,1910,2008
1841,1927,2003
1841,1989,2001
1842,1872,2005
1842,1873,2004
1842,1902,2008
1842,1942,2009
1842,1950,2012
1842,1958,2006
1844,1855,2004
1844,1926,2012
1846,1882,2013
1846,1913,2009
1846,1921,2009
1846,1979,2013
1847,1862,2010
1847,1885,2008
1847,1927,2006
1847,1936,2009
1848,1869,2001
1848,1901,2003
1848,1935,2011
1848,1954,2010
1848,1978,2014
1848,1987,2013
1849,1872,2011
1849,1942,2004
1849,1991,2008
1849,1994,2011
1849,1997,2013
1850,1940,2012
1850,1959,2013
1851,1937,2013
1851,1948,2007
1852,1905,2012
1852,1971,2004
1853,1859,2009
1853,1881,2011
1853,1899,2010
1853,1940,2005
1854,1895,2009
1854,1899,2001
1854,1905,2002
1854,1932,2009
1854,1937,2000
1854,1944,2006
1854,1990,2007
1855,1898,2014
1855,1941,2003
1855,1954,2004
1855,1967,2005
1855,1982,2003
1856,1863,2004
1856,1883,2013
1856,1889,2004
1856,1902,2007
1856,1922,2004
1856,1985,2002
1857,1872,2009
1857,1975,2013
1858,1909,2008
1858,1932,1999
1858,1984,2000
1858,1988,2010
1859,1885,2000
1859,1904,2001
1859,1952,2011
1859,1969,2004
1859,1971,2001
1859,1991,2012
1859,1994,2007
1860,1969,2003
1860,1978,2007
1860,1991,2010
1861,1921,2007
1861,1935,2004
1861,1983,2005
1862,1888,2009
1862,1905,2008
1862,1982,2009
1862,1994,2003
1863,1879,2005
1863,1896,2006
1863,1913,1999
1863,1968,2006
1864,1886,2011
1864,1934,2002
1864,1951,2002
1864,1953,2001
1864,1966,2007
1864,1986,2014
1865,1929,2002
1866,1868,2005
1866,1900,2007
1866,1917,2010
1866,1941,2014
1866,1952,2000
1866,1970,2003
1866,1989,2006
1867,1937,2001
1868,1878,2008
1868,1897,2000
1868,1903,2007
1868,1908,2009
1868,1973,1999
1868,1976,2001
1868,1981,2002
1868,1999,2011
1869,1920,2004
1869,1933,2001
1869,1947,2006
1869,1975,1999
1869,1983,2003
1869,1996,2004
1870,1873,2009
1870,1888,2010
1870,1935,2007
1870,1952,2011
1870,1973,1999
1870,1983,2007
1870,1992,2001
1871,1880,2014
1871,1884,2013
1871,1896,2004
1871,1916,2006
1871,1919,2011
1871,1941,2006
1871,1988,2014
1872,1883,1999
1872,1975,2010
1872,1985,2004
1873,1978,2005
1874,1877,2005
1874,1891,2001
1874,1931,2010
1874,1943,2001
1874,1980,2011
1874,1985,2014
1874,1995,1999
1875,1884,2003
1875,1898,2013
1875,1901,2007
1875,1925,2007
1875,1934,2009
1875,1940,1999
1875,1942,2003
1875,1948,2013
1876,1945,2009
1876,1968,2005
1877,1933,2003
1877,1966,2001
1877,1968,2014
1877,1978,1999
1878,1948,2001
1878,1950,2002
1878,1955,2012
1878,1976,2009
1878,1991,2011
1878,1995,2003
1879,1886,2008
1879,1898,2010
1879,1913,2004
1879,1951,2013
1879,1952,2014
1879,1963,2005
1880,1894,2010
1880,1895,2006
1880,1905,2008
1880,1906,2001
1880,1917,2002
1880,1944,2010
1880,1964,2001
1880,1987,2007
1881,1911,2001
1881,1934,2004
1881,1976,2006
1881,1977,2011
1881,1987,2006
1882,1929,2004
1882,1973,2001
1882,1978,2006
1882,1994,2004
1882,1998,2008
1883,1990,2010
1885,1906,2003
1885,1911,2012
1885,1945,2008
1886,1902,2000
1886,1903,2000
1886,1919,2010
1886,1937,2005
1886,1945,2005
1886,1971,2011
1887,1889,2008
1887,1909,2010
1887,1920,2010
1887,1924,2000
1887,1945,2010
1887,1953,2009
1887,1982,2012
1887,1990,2006
1888,1889,2001
1888,1971,1999
1889,1900,2004
1889,1912,2012
1889,1940,1999
1889,1976,2012
1890,1898,2006
1890,1945,2011
1890,1970,1999
1890,1998,2003
1891,1924,2006
1891,1926,2008
1891,1948,2009
1891,1973,2006
1891,1984,2011
1891,1998,2013
1892,1896,2007
1892,1910,2011
1892,1921,2006
1892,1923,2008
1892,1992,2011
1892,1993,2005
1892,1995,2014
1892,1998,2007
1893,1895,2001
1893,1900,2011
1893,1906,2009
1893,1907,2010
1893,1932,2008
1893,1939,2007
1893,1986,2003
1894,1902,2014
1894,1905,2008
1894,1910,2010
1894,1922,2003
1894,1953,2014
1894,1961,2013
1895,1941,2002
1895,1946,2009
1895,1966,2014
1895,1976,2005
1896,1904,2010
1896,1934,2004
1896,1936,2012
1896,1982,2009
1896,1987,2007
1897,1902,2013
1897,1919,2006
1897,1959,2010
1897,1969,2010
1897,1970,2012
1897,1974,2007
1897,1979,2012
1897,1994,2008
1898,1902,2002
1898,1949,2002
1898,1976,2012
1899,1901,2014
1899,1908,2012
1899,1919,2002
1899,1924,2013
1899,1965,2012
1899,1973,2002
1900,1902,1999
1900,1911,2011
1900,1924,2006
1900,1963,2000
1900,1971,2003
1900,1995,2010
1900,1998,1999
1901,1927,2013
1901,1934,2002
1901,1969,2006
1901,1993,2009
1902,1907,2011
1902,1963,2003
1902,1994,2003
1903,1923,2011
1903,1925,2004
1903,1926,2005
1903,1928,2006
1903,1948,2009
1903,1998,2003
1903,1999,2002
1904,1906,2011
1904,1911,2006
1904,1939,2003
1904,1942,2013
1904,1949,2006
1904,1950,2011
1904,1984,2010
1904,1993,2005
1905,1917,2006
1905,1922,2013
1905,1939,2000
1905,1944,2008
1905,1960,2002
1905,1974,2002
1906,1959,2009
1906,1967,2004
1906,1980,2012
1906,1988,2014
1907,1913,2014
1907,1919,2005
1907,1925,2014
1907,1934,2007
1907,1945,2001
1907,1951,2003
1907,1955,2014
1907,1960,2007
1908,1923,2008
1908,1944,2010
1908,1949,2004
1908,1952,1999
1908,1976,2010
1908,1977,2007
1908,1985,2002
1909,1914,2013
1909,1918,2003
1909,1921,2005
1909,1936,2001
1909,1961,2004
1909,1966,2003
1909,1968,2003
1909,1977,2013
1909,1994,2004
1910,1917,2011
1910,1922,2004
1910,1925,2008
1910,1956,2009
1910,1958,2013
1910,1977,2005
1910,1981,2003
1910,1992,2013
1910,1998,1999
1911,1926,2013
1911,1931,2009
1911,1968,2005
1911,1984,2011
1911,1997,2014
1912,1916,2003
1912,1919,2005
1912,1929,2014
1912,1949,2013
1912,1954,2009
1912,1976,2008
1912,1980,2005
1912,1982,2005
1913,1937,2014
1913,1941,2007
1913,1969,2013
1913,1970,2003
1913,1985,2008
1913,1991,2005
1913,1993,2005
1914,1918,2012
1914,1922,2013
1914,1931,2004
1914,1934,2011
1914,1937,2003
1914,1938,1999
1914,1944,2013
1914,1949,2005
1914,1985,2007
1914,1993,2010
1914,1998,2014
1915,1920,2010
1915,1923,1999
1915,1925,2012
1915,1927,2003
1915,1931,2004
1915,1947,2014
1915,1954,2013
1915,1958,2000
1915,1962,2013
1915,1981,2006
1915,1988,2009
1916,1927,1999
1916,1943,2007
1916,1946,2012
1916,1950,2003
1916,1954,2014
1916,1971,1999
1916,1979,2009
1916,1999,2001
1917,1923,2007
1917,1924,2014
1917,1939,2005
1917,1968,2000
1917,1991,2004
1918,1955,2014
1918,1980,2004
1918,1983,2011
1918,1990,2007
1918,1992,2007
1919,1929,2012
1919,1939,2007
1919,1942,2010
1919,1949,2001
1919,1958,2012
1919,1981,2002
1919,1995,2004
1920,1928,1999
1920,1936,2003
1920,1937,2004
1920,1962,2005
1920,1967,2009
1920,1973,2012
1920,1976,2004
1920,1977,2011
1920,1982,2009
1920,1989,2010
1920,1994,2010
1921,1930,2007
1921,1943,1999
1921,1948,2001
1921,1952,2004
1921,1958,2002
1921,1961,2009
1921,1964,2009
1921,1970,2003
1921,1990,1999
1921,1998,2001
1922,1924,1999
1922,1944,2014
1922,1963,2001
1922,1973,2012
1922,1975,2007
1922,1982,2005
1922,1983,2005
1923,1940,2003
1923,1942,2005
1923,1954,2006
1923,1960,2004
1923,1968,2012
1923,1990,2002
1924,1936,2008
1924,1939,1999
1924,1956,2010
1924,1963,2012
1924,1991,2013
1924,1995,2003
1925,1926,2007
1925,1932,2000
1925,1938,2010
1925,1948,2014
1925,1959,2009
1925,1960,2006
1925,1979,2006
1925,1985,2002
1925,1998,2010
1926,1943,2004
1926,1944,2009
1926,1951,2001
1926,1956,2003
1926,1963,2000
1926,1966,1999
1927,1942,2011
1927,1947,2002
1927,1951,1999
1927,1952,2009
1927,1954,2005
1927,1963,1999
1927,1975,2003
1927,1988,2014
1928,1939,2003
1928,1941,2012
1928,1942,2005
1928,1944,2008
1928,1948,2013
1928,1952,2014
1928,1969,2008
1928,1972,2011
1928,1979,2012
1929,1931,2004
1929,1934,2000
1929,1939,2011
1929,1941,2008
1929,1943,2003
1929,1946,2000
1929,1949,2005
1929,1955,2006
1929,1956,2007
1929,1959,2009
1929,1977,2005
1929,1990,2004
1930,1931,2010
1930,1932,2006
1930,1935,2012
1930,1951,1999
1930,1958,2006
1930,1960,2012
1930,1964,2002
1930,1970,2010
1930,1975,2011
1930,1976,1999
1930,1990,2000
1930,1991,2002
1930,1993,2003
1931,1942,2009
1931,1952,2012
1931,1957,2006
1931,1970,2012
1931,1981,2011
1931,1982,2003
1931,1990,2005
1931,1993,2002
1932,1934,2001
1932,1950,2006
1932,1951,2003
1932,1959,2000
1932,1965,2013
1932,1975,2011
1932,1982,1999
1932,1990,2003
1932,1992,1999
1933,1935,2012
1933,1938,2006
1933,1947,2013
1933,1948,2005
1933,1955,2005
1933,1957,2014
1933,1958,2012
1933,1979,2002
1933,1981,2000
1933,1982,2009
1933,1995,2009
1933,1997,2011
1934,1948,2003
1934,1951,2014
1934,1966,2012
1934,1969,2003
1934,1980,2008
1934,1989,2013
1935,1943,2013
1935,1950,2004
1935,1957,2007
1935,1961,2004
1935,1963,2006
1935,1973,2006
1935,1975,2012
1935,1978,2009
1935,1982,2013
1935,1984,2013
1935,1997,2014
1935,1998,2008
1936,1938,2002
1936,1948,2000
1936,1949,2000
1936,1951,2010
1936,1952,2005
1936,1955,2009
1936,1963,2009
1936,1971,2011
1936,1983,2001
1936,1993,2010
1937,1948,2008
1937,1955,2010
1937,1959,2009
1937,1962,2012
1937,1972,2009
1937,1978,2004
1937,1979,2010
1937,1981,2014
1937,1988,2000
1937,1989,2009
1938,1945,2012
1938,1948,2006
1938,1950,2004
1938,1951,2011
1938,1954,2001
1938,1957,2014
1938,1959,2008
1938,1961,2008
1938,1962,2012
1938,1964,2005
1938,1968,1999
1938,1976,2000
1938,1989,2014
1939,1948,2006
1939,1952,2011
1939,1955,2007
1939,1958,2002
1939,1969,2010
1939,1971,2012
1939,1979,2013
1939,1989,1999
1939,1993,2007
1940,1950,2001
1940,1951,2007
1940,1953,2012
1940,1963,2009
1940,1969,2006
1940,1972,2003
1940,1973,2004
1940,1974,2005
1940,1978,2003
1940,1979,2011
1940,1981,2004
1940,1983,2014
1940,1994,2006
1941,1953,2013
1941,1956,2007
1941,1960,2008
1941,1965,2009
1941,1967,2000
1941,1969,2012
1941,1976,2014
1941,1977,2005
1941,1979,2001
1941,1981,2010
1941,1987,2011
1942,1950,2001
1942,1951,2004
1942,1957,2009
1942,1958,2007
1942,1959,2009
1942,1960,2005
1942,1963,2007
1942,1966,2014
1942,1973,2009
1942,1982,2011
1942,1991,2005
1942,1998,2004
1942,1999,2008
1943,1945,2003
1943,1954,2004
1943,1960,2008
1943,1961,2010
1943,1962,2009
1943,1963,2007
1943,1967,2006
1943,1972,2001
1943,1973,2003
1943,1984,1999
1943,1988,2010
1943,1989,2005
1943,1996,2000
1943,1998,2002
1944,1946,2006
1944,1947,2014
1944,1952,2008
1944,1965,2003
1944,1969,2004
1944,1972,2002
1944,1975,2001
1944,1979,2000
1944,1982,2013
1944,1984,2004
1944,1990,1999
1945,1947,2011
1945,1950,2002
1945,1954,2004
1945,1955,2008
1945,1966,2013
1945,1968,2000
1945,1970,2003
1945,1971,2001
1945,1972,2004
1945,1977,2006
1945,1978,2010
1945,1986,2002
1945,1989,2013
1945,1991,2005
1945,1995,2012
1945,1996,2006
1946,1950,2010
1946,1952,2010
1946,1954,2007
1946,1964,2009
1946,1967,2008
1946,1969,2002
1946,1973,2006
1946,1976,2008
1946,1977,2002
1946,1978,2012
1946,1982,2007
1946,1986,2003
1946,1987,2010
1946,1993,2003
1946,1995,2010
1946,1997,2013
1946,1998,2004
1947,1955,1999
1947,1956,2009
1947,1960,2013
1947,1961,2004
1947,1965,2009
1947,1966,2010
1947,1967,1999
1947,1968,2009
1947,1977,2000
1947,1978,2000
1947,1979,2006
1947,1980,1999
1947,1986,2014
1947,1987,2008
1947,1990,2013
1947,1998,2010
1948,1957,2009
1948,1960,2010
1948,1961,2001
1948,1965,1999
1948,1971,2014
1948,1973,2006
1948,1987,2012
1948,1991,2007
1948,1993,2000
1948,1999,2012
1949,1953,2000
1949,1956,2007
1949,1959,2003
1949,1962,2014
1949,1964,2000
1949,1966,2012
1949,1968,2006
1949,1975,2014
1949,1980,2012
1949,1985,2009
1949,1989,2005
1950,1955,2001
1950,1963,2005
1950,1967,2005
1950,1970,2003
1950,1972,2013
1950,1975,2001
1950,1977,2008
1950,1982,1999
1950,1986,2014
1950,1989,2009
1950,1995,2014
1951,1952,2007
1951,1960,2011
1951,1969,2001
1951,1970,2004
1951,1971,2014
1951,1972,2014
1951,1977,2003
1951,1978,2000
1951,1988,2005
1951,1993,2012
1951,1996,2012
1951,1998,2001
1952,1959,1999
1952,1963,2000
1952,1966,2006
1952,1968,2005
1952,1972,2012
1952,1975,2013
1952,1978,2005
1952,1984,2002
1952,1985,2011
1952,1986,2002
1952,1993,2011
1952,1994,2014
1952,1999,2009
1953,1954,2001
1953,1956,2010
1953,1957,2011
1953,1959,2009
1953,1965,2003
1953,1969,2005
1953,1970,2012
1953,1976,2014
1953,1978,2009
1953,1980,2002
1953,1981,2007
1953,1982,2003
1953,1983,2014
1953,1985,2003
1953,1986,2002
1953,1987,2001
1953,1990,2011
1954,1955,2011
1954,1957,2008
1954,1960,2000
1954,1962,2010
1954,1963,2005
1954,1966,2012
1954,1974,2006
1954,1976,1999
1954,1978,2011
1954,1984,2005
1954,1985,2004
1954,1986,2014
1954,1990,2008
1954,1996,2003
1954,1998,2006
1954,1999,2012
1955,1958,2001
1955,1961,2004
1955,1962,2004
1955,1970,2011
1955,1976,2000
1955,1977,1999
1955,1979,2013
1955,1982,2008
1955,1983,2010
1955,1985,2009
1955,1987,2012
1955,1989,2004
1955,1990,2006
1955,1993,2006
1955,1997,2009
1955,1998,2005
1956,1957,2009
1956,1959,2002
1956,1961,2014
1956,1963,2013
1956,1964,2004
1956,1969,1999
1956,1971,2008
1956,1972,2001
1956,1973,2004
1956,1978,2010
1956,1983,2012
1956,1986,2014
1956,1987,2014
1956,1990,2003
1956,1991,2000
1956,1992,1999
1956,1994,2011
1956,1996,2007
1956,1999,2008
1957,1965,2012
1957,1966,2008
1957,1971,2002
1957,1972,2011
1957,1977,2006
1957,1978,2002
1957,1979,2007
1957,1981,2004
1957,1987,2002
1957,1988,2013
1957,1989,2013
1957,1990,2009
1957,1991,2012
1957,1995,2014
1957,1997,2013
1957,1999,1999
1958,1959,2006
1958,1961,2011
1958,1962,2000
1958,1963,2005
1958,1971,2010
1958,1972,2007
1958,1974,2013
1958,1976,1999
1958,1978,2010
1958,1979,2005
1958,1981,2008
1958,1983,2008
1958,1987,2006
1958,1988,2000
1958,1993,2003
1958,1994,2000
1958,1995,2009
1959,1960,2013
1959,1961,2010
1959,1962,2013
1959,1967,2000
1959,1968,2008
1959,1971,2004
1959,1972,2003
1959,1975,1999
1959,1976,2013
1959,1982,1999
1959,1984,2013
1959,1985,1999
1959,1986,2012
1959,1987,1999
1959,1988,2009
1959,1995,2006
1959,1996,2009
1959,1998,2002
1959,1999,2001
1960,1961,2005
1960,1967,2003
1960,1969,2007
1960,1970,1999
1960,1971,2011
1960,1976,2002
1960,1978,2005
1960,1980,2003
1960,1984,2003
1960,1987,2002
1960,1988,2011
1960,1991,2006
1960,1993,2000
1960,1994,2008
1960,1997,1999
1960,1998,2001
1961,1962,2002
1961,1963,2013
1961,1964,2007
1961,1970,2004
1961,1971,2009
1961,1972,2008
1961,1974,1999
1961,1975,2014
1961,1976,2014
1961,1977,2006
1961,1978,2005
1961,1980,2000
1961,1981,2011
1961,1983,2001
1961,1984,2014
1961,1988,2003
1961,1989,2004
1961,1990,2008
1961,1991,1999
1961,1993,2011
1961,1998,2007
1961,1999,2006
1962,1965,2009
1962,1967,2003
1962,1968,2007
1962,1969,2000
1962,1970,2001
1962,1971,2009
1962,1973,2006
1962,1974,1999
1962,1975,2002
1962,1977,2009
1962,1980,2001
1962,1981,1999
1962,1984,2008
1962,1985,2004
1962,1986,2005
1962,1988,2013
1962,1989,2008
1962,1991,2004
1962,1992,2011
1962,1993,1999
1962,1999,2008
1963,1967,2006
1963,1968,2008
1963,1970,2012
1963,1972,2010
1963,1973,2007
1963,1976,2014
1963,1977,2011
1963,1980,2004
1963,1981,2007
1963,1982,2001
1963,1984,2004
1963,1988,2008
1963,1990,2004
1963,1991,2001
1963,1992,2013
1963,1993,2013
1963,1996,2009
1963,1997,2014
1964,1965,2007
1964,1967,2005
1964,1968,2007
1964,1969,2004
1964,1971,2000
1964,1972,2010
1964,1973,2000
1964,1976,2011
1964,1982,2013
1964,1983,2010
1964,1984,2014
1964,1985,2008
1964,1987,2004
1964,1989,1999
1964,1994,2009
1964,1995,2010
1964,1997,2005
1964,1998,2013
1965,1968,2010
1965,1969,2002
1965,1970,2002
1965,1971,2005
1965,1973,2014
1965,1974,2008
1965,1978,2014
1965,1979,2000
1965,1981,2007
1965,1983,2014
1965,1985,2004
1965,1986,2012
1965,1988,2010
1965,1989,2010
1965,1994,2006
1965,1995,2007
1965,1996,2007
1965,1999,2014
1966,1967,2008
1966,1968,1999
1966,1970,2002
1966,1974,2004
1966,1977,2002
1966,1978,2003
1966,1979,2008
1966,1982,2003
1966,1984,2006
1966,1985,2014
1966,1986,2003
1966,1990,2012
1966,1991,2010
1966,1993,2013
1966,1994,2001
1966,1995,2002
1966,1996,2001
1966,1997,2012
1966,1998,2004
1966,1999,2010
1967,1971,2014
1967,1974,2004
1967,1975,2009
1967,1976,2013
1967,1977,2005
1967,1978,2014
1967,1979,2004
1967,1980,2008
1967,1984,1999
1967,1986,2007
1967,1989,2007
1967,1990,2010
1967,1991,2005
1967,1994,2003
1967,1995,2001
1967,1996,2011
1967,1997,2009
1967,1998,2010
1968,1972,2004
1968,1975,2009
1968,1976,2012
1968,1977,2005
1968,1978,2012
1968,1981,2009
1968,1982,2012
1968,1983,2002
1968,1984,1999
1968,1992,2003
1968,1993,2012
1968,1994,2013
1968,1998,2013
1969,1972,2006
1969,1973,2008
1969,1974,2013
1969,1975,2014
1969,1977,2011
1969,1979,2003
1969,1980,2000
1969,1981,2012
1969,1982,2004
1969,1983,2014
1969,1984,2012
1969,1986,1999
1969,1987,2005
1969,1989,2012
1969,1990,2005
1969,1992,2013
1969,1994,2003
1969,1996,2007
1969,1998,2010
1970,1971,1999
1970,1972,2005
1970,1973,1999
1970,1974,2006
1970,1975,2002
1970,1976,2011
1970,1977,2011
1970,1979,2014
1970,1980,2005
1970,1981,2000
1970,1982,1999
1970,1984,2000
1970,1987,2002
1970,1992,2011
1970,1997,2001
1970,1998,2004
1971,1972,2007
1971,1973,2010
1971,1975,2010
1971,1976,2005
1971,1979,2002
1971,1981,2007
1971,1982,2007
1971,1986,2005
1971,1987,2007
1971,1988,2014
1971,1990,2013
1971,1991,2003
1971,1993,2004
1971,1996,2002
1971,1997,2006
1971,1998,2005
1972,1976,2010
1972,1979,1999
1972,1980,2010
1972,1981,2008
1972,1983,2003
1972,1984,2013
1972,1986,1999
1972,1988,2003
1972,1990,2010
1972,1991,2005
1972,1992,2002
1972,1994,2009
1972,1996,2010
1972,1997,2011
1972,1998,2000
1973,1974,2010
1973,1975,2008
1973,1977,2001
1973,1978,2003
1973,1983,2003
1973,1985,2010
1973,1986,2001
1973,1987,2005
1973,1988,2002
1973,1989,1999
1973,1990,1999
1973,1991,2007
1973,1992,2008
1973,1994,2010
1973,1995,2004
1973,1996,1999
1973,1997,2004
1973,1998,2005
1973,1999,2008
1974,1975,2004
1974,1977,2001
1974,1978,2002
1974,1979,2002
1974,1981,2013
1974,1982,2005
1974,1984,2000
1974,1986,2009
1974,1987,2003
1974,1989,2002
1974,1990,2012
1974,1991,2011
1974,1993,2008
1974,1994,2001
1974,1995,2012
1974,1996,2004
1974,1997,2006
1974,1998,2004
1974,1999,2010
1975,1978,2007
1975,1980,2010
1975,1981,2011
1975,1982,2014
1975,1985,2001
1975,1986,2009
1975,1987,2006
1975,1989,2011
1975,1990,1999
1975,1992,2001
1975,1993,2002
1975,1995,2009
1975,1998,1999
1975,1999,2003
1976,1981,2010
1976,1984,2005
1976,1986,2005
1976,1987,2013
1976,1988,2004
1976,1989,2000
1976,1991,2009
1976,1992,2008
1976,1994,2011
1976,1995,2013
1976,1997,2003
1976,1998,2003
1976,1999,2002
1977,1978,2007
1977,1979,2010
1977,1980,2010
1977,1981,2000
1977,1982,2011
1977,1983,2004
1977,1987,2008
1977,1988,2013
1977,1989,2010
1977,1991,2005
1977,1993,2009
1977,1995,2005
1977,1996,2003
1977,1997,2013
1977,1998,2006
1977,1999,1999
1978,1979,2013
1978,1981,2003
1978,1982,2010
1978,1983,2010
1978,1984,2004
1978,1986,2005
1978,1988,2011
1978,1993,2008
1978,1996,2000
1978,1997,2003
1978,1999,2010
1979,1982,2004
1979,1983,2009
1979,1984,2006
1979,1986,2007
1979,1987,2009
1979,1988,2008
1979,1989,2010
1979,1990,2001
1979,1991,2014
1979,1992,2011
1979,1993,2003
1979,1995,2012
1979,1997,2004
1980,1981,2010
1980,1982,2014
1980,1984,2009
1980,1985,2005
1980,1986,2013
1980,1989,2003
1980,1990,2002
1980,1991,2003
1980,1992,2014
1980,1993,2011
1980,1994,2003
1980,1995,2000
1980,1996,2010
1980,1997,2014
1980,1998,2010
1980,1999,2002
1981,1983,2009
1981,1984,2004
1981,1985,2004
1981,1986,2006
1981,1989,2014
1981,1990,2008
1981,1992,1999
1981,1993,2009
1981,1994,2004
1981,1995,2013
1981,1997,2007
1981,1998,2011
1981,1999,2004
1982,1983,2004
1982,1985,2009
1982,1987,2007
1982,1989,2003
1982,1990,2008
1982,1992,2001
1982,1993,2009
1982,1994,2006
1982,1995,2014
1982,1996,2012
1982,1997,2014
1982,1998,2005
1982,1999,1999
1983,1984,2014
1983,1985,2013
1983,1987,2008
1983,1989,1999
1983,1990,1999
1983,1992,1999
1983,1994,2014
1983,1995,2000
1983,1996,2001
1983,1997,2004
1983,1998,2011
1983,1999,2002
1984,1983,2013
1984,1985,2011
1984,1989,2012
1984,1990,2000
1984,1991,2007
1984,1992,2012
1984,1993,2001
1984,1994,2010
1984,1995,2005
1984,1997,2013
1984,1998,1999
1984,1999,2008
1985,1986,2002
1985,1987,2014
1985,1988,2007
1985,1989,2007
1985,1990,2006
1985,1991,2010
1985,1992,2002
1985,1993,2003
1985,1994,2012
1985,1996,2009
1985,1997,2005
1985,1998,2013
1986,1983,2010
1986,1987,2000
1986,1988,2012
1986,1989,1999
1986,1990,2011
1986,1991,2002
1986,1992,2009
1986,1993,2006
1986,1994,2002
1986,1995,2008
1986,1996,2003
1986,1998,2005
1987,1986,2005
1987,1988,2008
1987,1989,2006
1987,1990,2002
1987,1991,2007
1987,1994,2009
1987,1995,2013
1987,1996,2008
1987,1997,2006
1987,1998,2014
1987,1999,2002
1988,1986,2003
1988,1989,2014
1988,1990,2011
1988,1992,2008
1988,1993,2002
1988,1994,2012
1988,1995,2000
1988,1996,2006
1988,1997,2012
1988,1998,2007
1988,1999,2010
1989,1988,2013
1989,1991,2007
1989,1993,2011
1989,1994,2006
1989,1996,2011
1989,1999,2012
1990,1988,2001
1990,1993,2000
1990,1994,2008
1990,1995,2003
1990,1996,1999
1990,1997,2013
1990,1998,2002
1990,1999,2002
1991,1988,2014
1991,1992,2010
1991,1993,1999
1991,1994,2001
1991,1995,2003
1991,1996,2008
1991,1997,2002
1991,1998,2000
1991,1999,2000
1992,1991,2012
1992,1994,2007
1992,1996,2000
1992,1997,2011
1992,1998,2014
1992,1999,2001
1994,1988,2007
1994,1992,2009
1994,1995,1999
1994,1996,2004
1994,1997,2014
1994,1999,2004
1995,1992,2011
1995,1994,2005
1995,1996,2004
1995,1997,2000
1995,1999,2006
1996,1992,2001
1996,1994,2013
1996,1995,2014
1996,1997,2014
1996,1999,2000
1997,1992,2009
1997,1995,2008
1997,1996,1999
1997,1999,2004
1999,1996,2012
